Backend module,Capabilities,Canonical resources,Recommended implementation shape,Authorization/resource scope,Consistency/concurrency,Key controls
Identity & Session,"register; login; refresh; logout; recovery; optional MFA; session revocation",Account/session,OIDC/OAuth2-compatible identity adapter + backend authorization,Own account/session,Strong auth/session consistency,Rate limiting + credential-stuffing protection
Session Context,"resolve roles, permissions, facility memberships, affiliations, locale and landing context",AccountRole + FacilityStaffMembership + affiliations,Backend context endpoint used by single app shell,Own account + server-derived memberships,Read-after-auth,Never trust client role claims
Accounts & Profiles,"read/update account settings; Patient/Doctor/Facility profiles",Account + profiles,REST resources with permission-aware serializers,Own/resource-scoped,Optimistic version where material,PII minimization
Taxonomy & Search,"specialties; cities; Doctor/Facility search; filters",Taxonomy + published read models,PostgreSQL FTS initially; external search optional,Published/search-safe,Eventually consistent read index acceptable,Canonical DB stays source
Verification,"create case; evidence upload; submit; review; decide",VerificationCase + Evidence + FileObject,Private object storage + state machine,Subject + reviewer scope,Versioned transitions,Evidence rules PDR
Facility Staff,"invite; activate/deactivate; assign role/bundle",FacilityStaffMembership + RoleDefinition,Facility membership service,Own facility + manage-staff permission,Strong permission consistency,Role catalog PDR
Affiliations,"discover/request/invite/accept/suspend",DoctorFacilityAffiliation,Affiliation module owns relation,Doctor/Facility party + permission,Versioned state transition,Lifecycle PDR
Contracts & Financial Terms,"proposal/counter/version/accept/reject; authorized reads",Contract + FinancialTerms,Immutable/versioned proposals,Affiliation party + finance permission,Optimistic version,Authority/effective-date PDR
Availability,"recurring rules/exceptions; projection",AvailabilityRule + Exception + Slot projection,Affiliation-scoped scheduling,Doctor/Facility permission on affiliation,Rule versioning,Timezone/duration/closure PDR
Booking,"validate; create; idempotent retry; conflict response",Appointment + BookingIdempotency + OutboxEvent,Single DB transaction with overlap/capacity controls,Authorized actor + valid affiliation,Strong transactional consistency,Frontend never authoritative
Appointment,"role-scoped list/detail; cancel/reschedule; lifecycle; history",Appointment + AppointmentEvent,Canonical resource + policy/transition guards,Party/facility/internal scope,Row lock/optimistic version,Lifecycle visibility PDR
Rooms,"room list/assignment/capacity if approved",Room + assignment,Facility operations module,Own facility scope,Constraint policy as approved,Room exclusivity PDR
Notifications,"in-app/email/SMS/WhatsApp if approved",Notification + OutboxEvent,Transactional outbox + provider adapters,Recipient + template policy,At-least-once worker delivery,Domain commit independent of provider
Files,"verification/support uploads",FileObject,Private object storage + signed short-lived access,Resource-bound access,Metadata strong; bytes durable,Type/size/malware policy
Audit,"privileged/security/domain audit events",AuditEvent,Append-only structured log,Privileged/read-limited,Immutable append,No secrets/PHI leakage in logs
Admin,"verification/oversight/support/settings",Same canonical domain records,Privileged APIs using normal domain services,Explicit admin permission + scope,Same invariants as user flows,No direct-DB normal workflow
