ID,Topic,Question / unresolved rule,Why it matters,Owner/status
DR-001,Account roles,"Can one account hold multiple top-level roles, or exactly one Patient/Doctor/Facility role?","Affects session context, navigation and account schema","PRODUCT DECISION REQUIRED"
DR-002,Facility ownership,"Who is the initial owner/admin of a newly registered facility?","Required for permission bootstrap","PRODUCT DECISION REQUIRED"
DR-003,Booking for another person,"Who may be appointment subject; what relationship/consent is required?","Affects privacy, history and notifications","PRODUCT DECISION REQUIRED"
DR-004,Appointment lifecycle,"Approve complete state machine and actors permitted per transition","Affects API/state validation and UI","PRODUCT DECISION REQUIRED"
DR-005,Cancellation,"Who may cancel, until when, and what reasons/fees apply?","Affects lifecycle and notifications","PRODUCT DECISION REQUIRED"
DR-006,Rescheduling,"Who may reschedule; does it create new appointment or mutate/version current one?","Affects concurrency/audit","PRODUCT DECISION REQUIRED"
DR-007,Availability ownership,"Can Doctor and Facility both edit affiliation availability; whose change wins?","Prevents conflicting sources of truth","PRODUCT DECISION REQUIRED"
DR-008,Availability exceptions,"Define closures, leave, holidays and override precedence","Needed for slot generation","PRODUCT DECISION REQUIRED"
DR-009,Capacity,"Is every Doctor interval capacity=1; are group/capacity exceptions possible?","Determines DB constraint design","PRODUCT DECISION REQUIRED"
DR-010,Working days,"Are contract working days advisory or hard booking constraints?","Affects scheduling validation","PRODUCT DECISION REQUIRED"
DR-012,Timezone,"Confirm Cameroon timezone policy and future cross-border behavior","Needed for recurring availability","PRODUCT DECISION REQUIRED"
DR-013,Contract states,"Approve proposal/counter/accept/reject/expire/suspend states","Required for workflow and permissions","PRODUCT DECISION REQUIRED"
DR-014,Commercial authority,"Which Facility staff roles may propose/counter/accept terms?","Sensitive financial access","PRODUCT DECISION REQUIRED"
DR-015,Effective terms,"When do accepted terms take effect and how are changes versioned?","Impacts appointment pricing/history","PRODUCT DECISION REQUIRED"
DR-016,Facility roles,"Approve default staff roles and whether custom roles/bundles are allowed","Required for RBAC implementation","PRODUCT DECISION REQUIRED"
DR-019,Verification,"Define evidence, expiry, rejection/resubmit and reviewer rules","Required for Doctor/Facility verification","PRODUCT DECISION REQUIRED"
DR-021,Patient arrival,"Who may mark arrival and is it reversible?","Operational state/event design","PRODUCT DECISION REQUIRED"
DR-022,Doctor arrival,"Who may mark Doctor arrival and is it facility-scoped?","Operational event permissions","PRODUCT DECISION REQUIRED"
DR-023,Notification channels,"Which events use in-app/email/SMS/WhatsApp; what consent is required?","Provider and privacy architecture","PRODUCT DECISION REQUIRED"
DR-032,Location/search,"Exact city/location source, distance search and map provider","Search/index/provider scope","PRODUCT DECISION REQUIRED"
DR-039,Authentication identifiers,"Email, phone, or both; recovery and optional MFA requirements","Identity architecture","PRODUCT DECISION REQUIRED"
DR-040,Post-login context,"If multi-role becomes allowed, how is active role/facility context selected?","Session UX and authorization","PRODUCT DECISION REQUIRED"
DR-042,Affiliation lifecycle,"Who can initiate affiliation and what are invitation/request/suspend states?","Core Doctor-Facility relationship","PRODUCT DECISION REQUIRED"
DR-043,Booking horizon,"How far ahead may appointments be booked?","Slot generation/performance/business rule","PRODUCT DECISION REQUIRED"
DR-044,Availability granularity,"Slot duration fixed, per specialty, per contract, or configurable?","Scheduling model","PRODUCT DECISION REQUIRED"
DR-045,Breaks/buffers,"Do pre/post consultation buffers block Doctor occupancy?","Overlap constraint semantics","PRODUCT DECISION REQUIRED"
DR-046,Existing appointments,"What happens when availability changes around existing bookings?","Data integrity and user communication","PRODUCT DECISION REQUIRED"
DR-047,Appointment field visibility,"Which fields may each party see, especially sensitive patient data?","Privacy and serializers","PRODUCT DECISION REQUIRED"
DR-049,Financial history,"Must booked appointment retain fee/commission snapshot from effective contract?","Historical correctness","PRODUCT DECISION REQUIRED"
DR-050,Currency/tax,"Initial XAF behavior and future multi-currency/tax requirements","Financial data model","PRODUCT DECISION REQUIRED"
DR-052,Offline behavior,"Is offline/PWA support required beyond cached shell/safe reads?","Avoid false booking success","PRODUCT DECISION REQUIRED"
