ID,Area,Severity,Validation required,Reason,Direction,Architecture guardrail,Status
FG-001,Global application shell,BLOCKER,"Verify Patient/Doctor/Facility/Admin are views in one platform shell","Brief explicitly rejects separate applications","MERGE / MODIFY","Authentication -> role -> permission -> scope -> interface","FIGMA VALIDATION REQUIRED"
FG-002,Post-login routing,BLOCKER,"Verify returning login resolves stored role/permissions without re-selecting role","Required by brief","MODIFY","Server-derived session context","FIGMA VALIDATION REQUIRED"
FG-003,Canonical appointment identity,BLOCKER,"Verify role screens reference same appointment record and state","One Appointment required","MERGE / MODIFY","One appointment_id with permission-aware projection","FIGMA VALIDATION REQUIRED"
FG-004,Booking concurrency,BLOCKER,"Add stale-slot/conflict/retry UI states","Frontend availability not authoritative","ADD / MODIFY","Backend transaction returns deterministic conflict","FIGMA VALIDATION REQUIRED"
FG-005,Doctor multi-facility context,HIGH,"Verify selected facility is always visible in availability/contracts","Doctor may have multiple facilities","MODIFY","Facility-specific data belongs to affiliation","FIGMA VALIDATION REQUIRED"
FG-006,Facility staff permissions,HIGH,"Verify Reception vs finance/admin boundaries","Brief says staff permissions differ","ADD / MODIFY","Role + permission + resource scope","FIGMA VALIDATION REQUIRED"
FG-007,Contract versions/counter-proposals,HIGH,"Verify proposal/counter/accept/reject history","Approved role functions mention proposals/counter-proposals","ADD / MODIFY","Immutable/versioned terms recommended","FIGMA VALIDATION REQUIRED / PRODUCT DECISION REQUIRED"
FG-008,Availability editor,HIGH,"Verify recurring rules/exceptions and facility scoping","Availability is facility-specific","ADD / MODIFY","Affiliation-scoped scheduling","FIGMA VALIDATION REQUIRED / PRODUCT DECISION REQUIRED"
FG-009,Cancellation/rescheduling,HIGH,"Verify commands, conflict states and notification implications","Mandatory architecture deliverable","ADD / MODIFY","Same canonical Appointment and booking guards","FIGMA VALIDATION REQUIRED / PRODUCT DECISION REQUIRED"
FG-010,Booking for another person,HIGH,"Verify actor, subject, relationship/consent and history ownership","Patient role includes where applicable","ADD / MODIFY","Keep actor/subject separate","FIGMA VALIDATION REQUIRED / PRODUCT DECISION REQUIRED"
FG-011,Verification workflows,HIGH,"Verify Doctor/Facility states, evidence, rejection/resubmit","Approved functionality but rules incomplete","ADD / MODIFY","Reusable verification case pattern","FIGMA VALIDATION REQUIRED / PRODUCT DECISION REQUIRED"
FG-012,Appointment arrival facts,HIGH,"Avoid mutually exclusive Patient-arrived vs Doctor-arrived states","Both facts can coexist operationally","MODIFY","Independent events/timestamps","FIGMA VALIDATION REQUIRED"
FG-013,FR/EN layout,MEDIUM,"Test long French labels, validation, errors and empty states","Bilingual architecture required","KEEP / MODIFY","Localized labels only; canonical codes stable","FIGMA VALIDATION REQUIRED"
FG-014,Responsive facility calendar,MEDIUM,"Verify agenda/mobile and dense desktop variants","One platform must work across devices","MODIFY","Same API/resources at all breakpoints","FIGMA VALIDATION REQUIRED"
FG-015,Error/empty/loading states,MEDIUM,"Inventory missing network/error/empty/permission states","Implementation readiness requires them","ADD","No business rule invented in UI","FIGMA VALIDATION REQUIRED"
FG-016,Duplicate/obsolete frames,LOW,"Merge/delete obsolete duplicated flows after owner confirmation","Cleanup requested","MERGE / DELETE","Preserve approved behavior only","FIGMA VALIDATION REQUIRED"
