Workflow,Entry interface,Backend capability,Canonical entities,Authorization/resource scope,Transaction/consistency,Async side effects,Failure behavior,Decision boundary
Register/authenticate,Shared auth screens,Identity & Session,Account + AccountRole,Unauthenticated -> own account,Identity transaction,OTP/provider if approved,Generic recoverable auth errors,DR-001/039
Post-login interface resolution,Application bootstrap,Session Context,AccountRole + FacilityStaffMembership + affiliations,Own account + memberships,Read-after-auth,None,403/reauth if scope changed,DR-001/040
Doctor joins facility,Doctor + Facility affiliation screens,Affiliations,DoctorFacilityAffiliation,Doctor/facility party,Versioned status command,Notification via outbox,Conflict if stale/unauthorized,DR-042
Contract proposal/counter,Doctor + authorized Facility UI,Contracts & Financial Terms,Contract + FinancialTerms + Affiliation,Party + financial permission,Optimistic version/immutable proposal,Notification/audit,409 version conflict,DR-013 to DR-015
Manage facility-specific availability,Doctor/Facility calendar,Availability,AvailabilityRule + Exception + Affiliation,Approved affiliation + permission,Versioned rule update,Projection rebuild,409 stale version,DR-007/008/010
Search healthcare availability,Patient search/detail,Search + Availability,Published profiles + slot projection,Published/search-safe,Read model only,Optional index,Stale projection tolerated until submit,Taxonomy/location decisions
Create appointment,Patient booking,Booking,Appointment + BookingIdempotency + Affiliation + OutboxEvent,Authorized actor + valid affiliation,Single PostgreSQL transaction + global Doctor overlap,Notification after commit,Deterministic 409 conflict,DR-003 to DR-009
Reschedule appointment,Role-specific appointment detail,Appointment/Booking,Same canonical Appointment + Event,Authorized party per policy,Same overlap/idempotency controls,Notification after commit,Original remains if failure,DR-005/006
Cancel appointment,Role-specific appointment detail,Appointment,Same canonical Appointment + Event,Authorized party per policy,Lock/version state guard,Notification after commit,Conflict for invalid transition,DR-005
Patient/Doctor arrival,Operational UI,Appointment Operations,AppointmentEvent + arrival facts,Scoped actor permission,Append event with row/version guard,Optional analytics,Idempotent duplicate handling,DR-004/021/022
Start/complete consultation,Doctor/Facility operational UI,Appointment Operations,Appointment + Event,Authorized actor + appointment party,Guarded lifecycle transition,Audit/analytics,409 invalid transition,DR-004
Notification delivery,No canonical UI owner,Notifications,OutboxEvent + Notification,Recipient/resource policy,Worker reads committed outbox,Provider delivery/retry,Provider failure does not rollback domain,DR-023+
Admin verification,Medidocta Admin,Verification,VerificationCase + Evidence,Privileged reviewer scope,Versioned decision,Notification/audit,403/409 as appropriate,DR-019
